{
  "train_accs": [
    0.8432,
    0.8576,
    0.7672
  ],
  "val_accs": [
    0.8236,
    0.8188,
    0.8136
  ],
  "dkl_pq": [
    7.219843864440918,
    10.29422664642334,
    5.143767833709717
  ],
  "dkl_qp": [
    1.573581576347351,
    1.6716721057891846,
    0.6670740842819214
  ],
  "symmetric_dkl": [
    8.793425440788269,
    11.965898752212524,
    5.810841917991638
  ],
  "avg_symmetric_dkl": 8.856722036997477
}