{
  "train_accs": [
    0.848,
    0.8064,
    0.7844
  ],
  "val_accs": [
    0.8072,
    0.7744,
    0.8268
  ],
  "dkl_pq": [
    7.94635009765625,
    4.536259174346924,
    4.852288246154785
  ],
  "dkl_qp": [
    1.142830729484558,
    0.9814093708992004,
    0.827339231967926
  ],
  "symmetric_dkl": [
    9.089180827140808,
    5.517668545246124,
    5.679627478122711
  ],
  "avg_symmetric_dkl": 6.762158950169881
}