{
  "train_accs": [
    0.8292,
    0.8148,
    0.7696
  ],
  "val_accs": [
    0.8,
    0.7756,
    0.798
  ],
  "dkl_pq": [
    7.985393524169922,
    4.865760803222656,
    4.332347869873047
  ],
  "dkl_qp": [
    1.4027620553970337,
    1.026623010635376,
    0.605461597442627
  ],
  "symmetric_dkl": [
    9.388155579566956,
    5.892383813858032,
    4.937809467315674
  ],
  "avg_symmetric_dkl": 6.739449620246887
}