{
  "train_accs": [
    0.7892,
    0.8372,
    0.7764
  ],
  "val_accs": [
    0.7736,
    0.7912,
    0.816
  ],
  "dkl_pq": [
    2.3339169025421143,
    12.379496574401855,
    4.665463924407959
  ],
  "dkl_qp": [
    0.9846997857093811,
    1.043397307395935,
    0.6898069381713867
  ],
  "symmetric_dkl": [
    3.3186166882514954,
    13.42289388179779,
    5.355270862579346
  ],
  "avg_symmetric_dkl": 7.36559381087621
}