{
  "train_accs": [
    0.9972,
    0.9728,
    0.9668
  ],
  "val_accs": [
    0.9872,
    0.9464,
    0.9304
  ],
  "dkl_pq": [
    83.2955093383789,
    17.503681182861328,
    46.879676818847656
  ],
  "dkl_qp": [
    6.649772644042969,
    3.623155117034912,
    3.242687225341797
  ],
  "symmetric_dkl": [
    89.94528198242188,
    21.12683629989624,
    50.12236404418945
  ],
  "avg_symmetric_dkl": 53.731494108835854
}