{
  "train_accs": [
    0.9748,
    0.9112,
    0.9084
  ],
  "val_accs": [
    0.9448,
    0.7324,
    0.8556
  ],
  "dkl_pq": [
    26.484786987304688,
    15.211640357971191,
    15.73922348022461
  ],
  "dkl_qp": [
    5.908547878265381,
    1.6000630855560303,
    1.6010363101959229
  ],
  "symmetric_dkl": [
    32.39333486557007,
    16.81170344352722,
    17.340259790420532
  ],
  "avg_symmetric_dkl": 22.181766033172607
}