{
  "train_accs": [
    0.9904,
    0.9988,
    0.996
  ],
  "val_accs": [
    0.972,
    0.9944,
    0.9908
  ],
  "dkl_pq": [
    51.994022369384766,
    98.27117156982422,
    89.45113372802734
  ],
  "dkl_qp": [
    6.984268665313721,
    11.538678169250488,
    8.54199504852295
  ],
  "symmetric_dkl": [
    58.978291034698486,
    109.8098497390747,
    97.9931287765503
  ],
  "avg_symmetric_dkl": 88.92708985010783
}