{
  "train_accs": [
    0.9536,
    0.9132,
    0.9972
  ],
  "val_accs": [
    0.8284,
    0.8904,
    0.976
  ],
  "dkl_pq": [
    8.411320686340332,
    11.244012832641602,
    32.52699661254883
  ],
  "dkl_qp": [
    2.104874610900879,
    72.85891723632812,
    10.948925018310547
  ],
  "symmetric_dkl": [
    10.516195297241211,
    84.10293006896973,
    43.475921630859375
  ],
  "avg_symmetric_dkl": 46.03168233235677
}