{
  "train_accs": [
    0.9988,
    0.9996,
    0.9984
  ],
  "val_accs": [
    0.9612,
    0.9912,
    0.9868
  ],
  "dkl_pq": [
    46.96393966674805,
    51.603092193603516,
    31.634510040283203
  ],
  "dkl_qp": [
    9.324649810791016,
    17.884037017822266,
    15.762022018432617
  ],
  "symmetric_dkl": [
    56.28858947753906,
    69.48712921142578,
    47.39653205871582
  ],
  "avg_symmetric_dkl": 57.72408358256022
}