{
  "train_accs": [
    0.9968,
    0.998,
    0.9728
  ],
  "val_accs": [
    0.9668,
    0.9808,
    0.9412
  ],
  "dkl_pq": [
    46.17074203491211,
    60.82711410522461,
    57.461936950683594
  ],
  "dkl_qp": [
    8.105982780456543,
    14.494668960571289,
    5.435187339782715
  ],
  "symmetric_dkl": [
    54.27672481536865,
    75.3217830657959,
    62.89712429046631
  ],
  "avg_symmetric_dkl": 64.16521072387695
}